Model,EOL Date,EOSL Date
Nexus 31108PC-V,"Aug 31, 2022","Aug 31, 2027"
Nexus 31108TC-V,"Aug 31, 2022","Aug 31, 2027"
Nexus 3232C,"Aug 31, 2022","Aug 31, 2027"
Nexus 3132Q-V,"Aug 31, 2022","Aug 31, 2027"
Nexus N3K-C3172TQ Switch,"Feb 28, 2022","Feb 28, 2027"
Nexus N3K-C3264C-E Switch,"Feb 28, 2022","Feb 28, 2027"
Nexus N7K-C7004 Switch,"Feb 28, 2022","Feb 28, 2027"
Nexus N7K-F306CK-25 Switch,"Feb 28, 2022","Feb 28, 2027"
Nexus N3K-C3132C-Z Switch,"Feb 28, 2022","Feb 28, 2027"
Nexus N3K-C3172PQ-XL Switch,"Feb 28, 2022","Feb 28, 2027"
Nexus N7K-M348XP-25L Switch,"Feb 28, 2022","Feb 28, 2027"
Nexus N7K-C7009 Switch,"Feb 28, 2022","Feb 28, 2027"
Nexus N7K-SUP2E Module,"Feb 28, 2022","Feb 28, 2027"
Nexus N3K-C3172TQ-XL Switch,"Feb 28, 2022","Feb 28, 2027"
Nexus N7K-C7010 Switch,"Feb 28, 2022","Feb 28, 2027"
Nexus N3K-C3172PQ Switch,"Feb 28, 2022","Feb 28, 2027"
Nexus N7K-F248XT-25E Module,"Feb 28, 2022","Feb 28, 2027"
Nexus N7K-C7010-FAB-2 Switch,"Feb 28, 2022","Feb 28, 2027"
Nexus N7K-C7018-FAB-2 Switch,"Feb 28, 2022","Feb 28, 2027"
Nexus N7K-F312FQ-25 Switch,"Feb 28, 2022","Feb 28, 2027"
Nexus N7K-SUP2 Module,"Feb 28, 2022","Feb 28, 2027"
Nexus N7K-C7018 Switch,"Feb 28, 2022","Feb 28, 2027"
Nexus N7K-F348XP-25 Switch,"Feb 28, 2022","Feb 28, 2027"
Nexus N3K-C31128PQ Switch,"Feb 28, 2022","Feb 28, 2027"
Nexus N7K-M324FQ-25L Switch,"Feb 28, 2022","Feb 28, 2027"
Meraki MX100,"Feb 01, 2022","Feb 01, 2027"
Nexus 3524-X,"Jan 31, 2022","Jan 31, 2027"
Nexus 3548-X,"Jan 31, 2022","Jan 31, 2027"
UCS-E vSAN,"Nov 30, 2021","Nov 30, 2026"
Meraki MS390 4x10GE Module (MA-MOD-4×10),"Nov 01, 2021","Nov 01, 2026"
Meraki MX84,"Oct 31, 2021","Oct 31, 2026"
ASA 5508-X,"Aug 31, 2021","Aug 31, 2026"
ASA 5506-X,"Aug 31, 2021","Aug 31, 2026"
ASA 5515-X,"Aug 31, 2021","Aug 31, 2026"
Meraki MR42,"July 21, 2021","July 21, 2026"
Meraki MR74,"July 21, 2021","July 21, 2026"
Meraki MR53E,"July 21, 2021","July 21, 2026"
Meraki MR45,"July 21, 2021","July 21, 2026"
Meraki MR52,"July 21, 2021","July 21, 2026"
Meraki MR53,"July 21, 2021","July 21, 2026"
Meraki MR33,"July 21, 2021","July 21, 2026"
Meraki MR84,"June 21, 2021","June 21, 2026"
Meraki MV71,"June 19, 2021","June 19, 2026"
Meraki MV21,"June 19, 2021","June 19, 2026"
Nexus 3464C Switch,"Oct 31, 2020","Oct 31, 2025"
Nexus 34180YC Switch,"Oct 31, 2020","Oct 31, 2025"
Connectrix-Brocade DS-6510R-8GB,"Aug 31, 2020","Aug 31, 2025"
Nexus 93180LC-EX,"Aug 31, 2020","Aug 31, 2025"
Nexus 3048 Switch,"Aug 31, 2020","Aug 31, 2025"
Meraki MX65,"July 28, 2020","July 28, 2025"
Meraki MS220-8,"July 28, 2020","July 28, 2025"
Meraki Z1,"July 27, 2020","July 27, 2025"
Meraki MX400,"May 20, 2020","May 20, 2025"
Meraki MX800,"May 20, 2020","May 20, 2025"
Nexus 3132Q-X Switch,"April 30, 2020","April 30, 2025"
Nexus 3132Q-XL Switch,"April 30, 2020","April 30, 2025"
Nexus 3264Q Switch,"April 30, 2020","April 30, 2025"
Nexus 7000 M2-Series 2-Port 100 Gigabit Ethernet Module with XL,"March 31, 2020","March 31, 2025"
Nexus N3K-C3064-FAN,"Jan 31, 2020","Jan 31, 2025"
Nexus N3K-C3064-FAN-B,"Jan 31, 2020","Jan 31, 2025"
Meraki MR62,"Nov 15, 2019","Nov 15, 2024"
Nexus 3164Q,"Oct 31, 2019","Oct 31, 2024"
Meraki MS220-48FP L2,"July 29, 2019","July 29, 2024"
Meraki MS220-48LP L2,"July 29, 2019","July 29, 2024"
Meraki MS220 Series,"July 29, 2019","July 29, 2024"
Meraki MS220-48 L2,"July 29, 2019","July 29, 2024"
Meraki MS220-24 L2,"July 29, 2019","July 29, 2024"
Meraki MR66,"June 09, 2019","June 09, 2024"
Nexus 7000 M2-Series 6-Port 40 Gigabit Ethernet Module with XL Option,"May 31, 2019","May 31, 2024"
Nexus 5500 Series Switches,"May 31, 2019","May 31, 2024"
Nexus 5596UP Switch,"May 31, 2019","May 31, 2024"
Nexus 7000 Supervisor 1 8GB Memory Upgrade Kit,"May 31, 2019","May 31, 2024"
Meraki MR72,"April 30, 2019","April 30, 2024"
Meraki MR32,"March 31, 2019","March 31, 2024"
Meraki MR18 Cloud Managed AP,"March 31, 2019","March 31, 2024"
Nexus 9332PQ Switch,"March 31, 2019","March 31, 2024"
Meraki MS320 Series,"March 31, 2019","March 31, 2024"
Meraki MR34,"Oct 31, 2018","Oct 31, 2023"
Catalyst 4500 Supervisor Engine 7L-E,"Oct 31, 2018","Oct 31, 2023"
Meraki MS420,"Oct 31, 2018","Oct 31, 2023"
ASA 5506W-X WiFi Security Appliances,"Sept 30, 2018","Sept 30, 2023"
Meraki MX80,"Aug 30, 2018","Aug 30, 2023"
ASA 5585-X Adaptive Security Appliance,"May 31, 2018","May 31, 2023"
Meraki AC-MR-1-XX,"May 09, 2018","May 09, 2023"
Meraki MR26,"May 09, 2018","May 09, 2023"
C1-N9K-C9396TX,"April 30, 2018","April 30, 2023"
Nexus 9396TX Switch,"April 30, 2018","April 30, 2023"
Nexus 9396PX Switch,"April 30, 2018","April 30, 2023"
N9K-C9396TX,"April 30, 2018","April 30, 2023"
Nexus 9300,"Feb 19, 2018","Feb 19, 2023"
Nexus 9300,"Feb 19, 2018","Feb 19, 2023"
2900 Series Integrated Routers,"Dec 31, 2017","Dec 31, 2022"
UCS B460 v3 Blade Server,"Dec 31, 2017","Dec 31, 2022"
3900 Series Integrated Routers,"Dec 31, 2017","Dec 31, 2022"
2900 Series Integrated Services Router Modules,"Dec 31, 2017","Dec 31, 2022"
UCS B260 v3 Blade Server,"Dec 31, 2017","Dec 31, 2022"
3900 Series Integrated Services Router Modules,"Dec 31, 2017","Dec 31, 2022"
Meraki MS320 power supply and fan,"Nov 16, 2017","Nov 16, 2022"
Meraki MS420 power supply and fan,"Nov 16, 2017","Nov 16, 2022"
Nexus 7700 F2-Series Enhanced 48-Port Fiber 1 Gigabit Ethernet Module,"Oct 31, 2017","Oct 31, 2022"
N9K-C93128TX-FA-L3,"Oct 31, 2017","Oct 31, 2022"
N9K-C93128TX-BA-L3,"Oct 31, 2017","Oct 31, 2022"
N9K-C93128TX,"Oct 31, 2017","Oct 31, 2022"
Nexus 7700 F2-Series Enhanced 48-Port Fiber 10 Gigabit Ethernet Module,"Oct 31, 2017","Oct 31, 2022"
C1-N9K-C93128TX,"Oct 31, 2017","Oct 31, 2022"
Nexus 7700 F2-Series Enhanced 48-Port Fiber 1 Gigabit Ethernet Module,"Oct 31, 2017","Oct 31, 2022"
Nexus 7000 F2-Series Enhanced 48-Port Fiber 1 Gigabit Ethernet Module,"Oct 31, 2017","Oct 31, 2022"
Nexus 7000 F2-Series Enhanced 48-Port Fiber 10 Gigabit Ethernet Module,"Oct 31, 2017","Oct 31, 2022"
Nexus 9300 Series 93128TX Switch,"Oct 31, 2017","Oct 31, 2022"
Meraki MR12,"Oct 24, 2017","Oct 24, 2022"
Meraki MX60W,"Oct 24, 2017","Oct 24, 2022"
Meraki MX60,"Oct 24, 2017","Oct 24, 2022"
ASA 5512-X,"Aug 31, 2017","Aug 31, 2022"
ASA 5505 Adaptive Security Appliance,"Aug 31, 2017","Aug 31, 2022"
Nexus 9500 48-Port 1/10GBASE-T,"July 31, 2017","July 31, 2022"
Nexus 9500 48-Port 1/10GBASE-T,"July 31, 2017","July 31, 2022"
Small Business 300 Series Managed Switches,"May 31, 2017","May 31, 2022"
9500 Series Supervisor 2A,"April 30, 2017","April 30, 2022"
MDS 9500 Family Fiber Channel Switching Modules,"April 30, 2017","April 30, 2022"
MDS 9506 Director,"April 30, 2017","April 30, 2022"
Nexus 7000 Series Supervisor 1 Module Compact Flash Memory,"April 30, 2017","April 30, 2022"
Cisco 9506 Director,"April 30, 2017","April 30, 2022"
Cisco 9513 Director,"April 30, 2017","April 30, 2022"
Nexus 6000 Series Switches,"April 30, 2017","April 30, 2022"
UCS B460 M4 v2 Blade Server,"April 30, 2017","April 30, 2022"
UCS B260 v2 Blade Server,"April 30, 2017","April 30, 2022"
Nexus 3064-X Switch,"April 30, 2017","April 30, 2022"
Meraki ANT-13,"April 24, 2017","April 24, 2022"
Meraki ANT-11,"April 24, 2017","April 24, 2022"
Nexus 7000 Series Network Analysis Module (NAM-NX1),"March 31, 2017","March 31, 2022"
Aironet 2602e,"Dec 31, 2016","Dec 31, 2021"
UCS C240 M3 Rack Server,"Dec 31, 2016","Dec 31, 2021"
UCS B200 M3 Blade Server,"Dec 31, 2016","Dec 31, 2021"
UCS B420 M3 Blade Server,"Dec 31, 2016","Dec 31, 2021"
UCS SAS RAID Controllers,"Dec 31, 2016","Dec 31, 2021"
Cisco 819 Hardened Integrated Services Router,"Dec 31, 2016","Dec 31, 2021"
Cisco 1941W Integrated Services Router,"Dec 31, 2016","Dec 31, 2021"
Select Server Nodes for Cisco UCS C3160 Rack Servers,"Dec 31, 2016","Dec 31, 2021"
UCS C220 M3,"Dec 31, 2016","Dec 31, 2021"
UCSC-10PK-C220,"Dec 31, 2016","Dec 31, 2021"
UCSC-10PK-C220M3L,"Dec 31, 2016","Dec 31, 2021"
UCSC-10PK-C220M3S,"Dec 31, 2016","Dec 31, 2021"
UCSC-AIRBAF-C220,"Dec 31, 2016","Dec 31, 2021"
UCSC-C220-M3L,"Dec 31, 2016","Dec 31, 2021"
UCSC-C220-M3L-CH,"Dec 31, 2016","Dec 31, 2021"
UCSC-PCIE-RL-C220,"Dec 31, 2016","Dec 31, 2021"
UCSC-HS-C220M3,"Dec 31, 2016","Dec 31, 2021"
UCSC-MRB-002-C460=,"Dec 31, 2016","Dec 31, 2021"
UCSC-C220-M3S-CH,"Dec 31, 2016","Dec 31, 2021"
Aironet 2602i,"Dec 31, 2016","Dec 31, 2021"
UCS SAS RAID Controllers,"Dec 31, 2016","Dec 31, 2021"
UCS B420 M3 Blade Server,"Dec 31, 2016","Dec 31, 2021"
UCS B200 M3 Blade Server,"Dec 31, 2016","Dec 31, 2021"
UCS C240 M3 Rack Server,"Dec 31, 2016","Dec 31, 2021"
Aironet 2602e,"Dec 31, 2016","Dec 31, 2021"
Aironet 2602i,"Dec 31, 2016","Dec 31, 2021"
Aironet 2600 Series,"Dec 31, 2016","Dec 31, 2021"
UCS 5108,"Nov 30, 2021","Nov 30, 2021"
Cisco UCS 5108 Blade Server Chassis N20-C6508,"Nov 30, 2016","Nov 30, 2021"
Nexus 7000 M1-Series (XL Version) I/O Modules,"Oct 31, 2016","Oct 31, 2021"
Nexus 3500 Series Switches,"Oct 31, 2016","Oct 31, 2021"
Nexus 3132Q Switch (40 GE),"Oct 31, 2016","Oct 31, 2021"
Cisco 2911 Integrated Services Router Temperature-Tolerant System,"Oct 05, 2016","Oct 05, 2021"
Catalyst 4900M,"Oct 05, 2016","Oct 05, 2021"
Catalyst 3750X,"Oct 05, 2016","Oct 05, 2021"
Select Cisco 12-Gbps Solid State Drives,"Sept 30, 2016","Sept 30, 2021"
TelePresence Server MSE 8710,"Aug 02, 2016","Aug 02, 2021"
Cisco 7600 Series Routers,"July 31, 2016","July 31, 2021"
Meraki MR42E,"July 21, 2016","July 21, 2021"
Cisco Nexus 3064-T Switch,"June 30, 2016","June 30, 2021"
Cisco Nexus 3064 Switch,"June 30, 2016","June 30, 2021"
Cisco Catalyst 3750V2-24FS Switch,"May 31, 2016","May 31, 2021"
Catalyst 3750V2,"May 31, 2016","May 31, 2021"
Catalyst 3560V2,"May 31, 2016","May 31, 2021"
Meraki MR16,"May 31, 2016","May 31, 2021"
Meraki MR24,"May 31, 2016","May 31, 2021"
Cisco Catalyst 3750V2-48PS Switch,"May 31, 2016","May 31, 2021"
Cisco Catalyst 3750V2-48TS Switch,"May 31, 2016","May 31, 2021"
Cisco Catalyst 3750V2-24PS Switch,"May 31, 2016","May 31, 2021"
Cisco Catalyst 3560V2-48PS Switch,"May 31, 2016","May 31, 2021"
Cisco Catalyst 3560V2-24DC Switch,"May 31, 2016","May 31, 2021"
Cisco Catalyst 3560V2-48TS Switch,"May 31, 2016","May 31, 2021"
Cisco Catalyst 3560V2-24PS Switch-24PS Switch,"May 31, 2016","May 31, 2021"
Cisco Catalyst 3560V2-24TS Switch,"May 31, 2016","May 31, 2021"
Meraki MS22,"April 30, 2016","April 30, 2021"
ASR 1000 Series,"April 26, 2016","April 26, 2021"
Meraki MX90,"April 26, 2016","April 26, 2021"
Meraki MS42P,"April 26, 2016","April 26, 2021"
Meraki MS22P,"April 26, 2016","April 26, 2021"
Select Cisco C880 Servers,"April 26, 2016","April 26, 2021"
Meraki MS42,"April 26, 2016","April 26, 2021"
Catalyst 6500,"April 26, 2016","April 26, 2021"
Fabric Manager Server,"March 30, 2016","March 30, 2021"
UCS C420 M3 Rack Server,"Feb 28, 2016","Feb 28, 2021"
Nexus 7000 F2-Series 48-Port 1 and 10 Gigabit Ethernet Module,"Jan 31, 2016","Jan 31, 2021"
Cisco ME 3400-24FS-A Switch,"Jan 31, 2016","Jan 31, 2021"
Catalyst 3750-X,"Jan 28, 2016","Jan 28, 2021"
Catalyst 3750-X,"Jan 28, 2016","Jan 28, 2021"
Catalyst 3560-X,"Jan 28, 2016","Jan 28, 2021"
Catalyst 3560-X,"Jan 28, 2016","Jan 28, 2021"
Prime NAM 2304 Appliance,"Nov 27, 2015","Nov 27, 2020"
Prime NAM 2320 Appliance,"Nov 27, 2015","Nov 27, 2020"
MDS 9148 Multilayer Fabric Switch,"Oct 31, 2015","Oct 31, 2020"
Cisco Catalyst 2918-24TT-C Switch,"Oct 31, 2015","Oct 31, 2020"
Cisco Catalyst 2918-48TT-C Switch,"Oct 31, 2015","Oct 31, 2020"
Cisco Catalyst 2918-48TC-C Switch,"Oct 31, 2015","Oct 31, 2020"
9148 8GB Switch,"Oct 30, 2015","Oct 30, 2020"
Cisco Catalyst 2918-24TC-C Switch,"Oct 30, 2015","Oct 30, 2020"
Nexus 5548P Switch,"Sept 30, 2015","Sept 30, 2020"
Cisco Nexus 5548P Switch,"Sept 30, 2015","Sept 30, 2020"
Select WAN/LAN modules and cables for ISR G1,"Sept 30, 2015","Sept 30, 2020"
Select Cisco 888 Integrated Services Routers,"Sept 30, 2015","Sept 30, 2020"
ASR 9000 Series Integrated Service Module,"Sept 30, 2015","Sept 30, 2020"
Cisco Business Edition 7000 (Cisco UCS M3 Server),"Aug 01, 2015","Aug 01, 2020"
UCS Invicta Scaling System,"July 31, 2015","July 31, 2020"
Catalyst 6550 24 Port Fabric Enabled,"July 31, 2015","July 31, 2020"
Catalyst 6500 24 Port Fabric Enabled,"July 31, 2015","July 31, 2020"
Cisco Catalyst Blade Switch 3120,"July 31, 2015","July 31, 2020"
UCS Invicta B3116 Blade,"July 31, 2015","July 31, 2020"
UCS Invicta C3124SA,"July 31, 2015","July 31, 2020"
Whiptail Racerunner 4.x,"July 31, 2015","July 31, 2020"
Cisco ME 2600X 44FE-D-K9 Switch,"June 30, 2015","June 30, 2020"
Cisco ME 2600X 44FA-D-K9 Switch,"June 30, 2015","June 30, 2020"
Cisco ME 2600X 44FA-A-K9 Switch,"June 30, 2015","June 30, 2020"
MDS 9222i Multiservice Modular Switch,"April 30, 2015","April 30, 2020"
9304 18-port FC and 4-port GE Module,"April 30, 2015","April 30, 2020"
9222I 8GB/Sec IP Switch,"April 30, 2015","April 30, 2020"
MDS 9222i 8Gb-IP Switch,"April 30, 2015","April 30, 2020"
MDS 9000 10-GPS 8-Port FCoE Module,"April 30, 2015","April 30, 2020"
UCS C460 M2 High Performance Rack Server,"April 30, 2015","April 30, 2020"
UCS C260 M2 Rack Server,"April 30, 2015","April 30, 2020"
UCS C24 M3 Rack Server,"April 30, 2015","April 30, 2020"
UCS C22 M3 Rack Server,"April 30, 2015","April 30, 2020"
UCS B440 M2 High-Performance Blade Server,"April 30, 2015","April 30, 2020"
UCS B230 M2 Blade Server,"April 30, 2015","April 30, 2020"
UCS B22 M3 Blade Server,"April 30, 2015","April 30, 2020"
ASA 1000V,"March 31, 2015","March 31, 2020"
Catalyst 4948 (300 W AC Power),"Jan 31, 2015","Jan 31, 2020"
Cisco MCS 7845-I2,"Dec 31, 2014","Dec 31, 2019"
Cisco MCS 7845-I3,"Dec 31, 2014","Dec 31, 2019"
MCS 7825-H4 Unified Communications Manager Appliance,"Dec 31, 2014","Dec 31, 2019"
Cisco MCS 7845-H2 Unified Communications Manager Appliance,"Dec 31, 2014","Dec 31, 2019"
MCS 7825-H4,"Dec 31, 2014","Dec 31, 2019"
Cisco MCS 7845-H2,"Dec 31, 2014","Dec 31, 2019"
MCS 7828-I5 UC Manager Business Edition Appliance,"Dec 31, 2014","Dec 31, 2019"
MCS 7835-I2 Unified Communications Manager Appliance,"Dec 31, 2014","Dec 31, 2019"
Cisco 7845I Media Convergence Server,"Dec 31, 2014","Dec 31, 2019"
MCS 7845-H2,"Dec 31, 2014","Dec 31, 2019"
MCS 7845-H2 Unified Communications Manager Appliance,"Dec 31, 2014","Dec 31, 2019"
7845I Media Convergence Server,"Dec 31, 2014","Dec 31, 2019"
MCS 7828-I5 UC Manager Business Edition Appliance,"Dec 31, 2014","Dec 31, 2019"
Cisco MCS 7845-H2,"Dec 31, 2014","Dec 31, 2019"
MCS 7825-H4,"Dec 31, 2014","Dec 31, 2019"
Cisco MCS 7845-H2 Unified Communications Manager Appliance,"Dec 31, 2014","Dec 31, 2019"
MCS 7825-H4 Unified Communications Manager Appliance,"Dec 31, 2014","Dec 31, 2019"
Cisco MCS 7845-I3,"Dec 31, 2014","Dec 31, 2019"
Cisco MCS 7845-I2,"Dec 31, 2014","Dec 31, 2019"
MCS 7825-I4,"Dec 31, 2014","Dec 31, 2019"
Cisco MCS 7835-H2,"Dec 31, 2014","Dec 31, 2019"
MCS 7825-I4 Unified Communications Manager Appliance,"Dec 31, 2014","Dec 31, 2019"
Cisco MCS 7835-H2 Unified Communications Manager Appliance,"Dec 31, 2014","Dec 31, 2019"
MCS 7825-I3,"Dec 31, 2014","Dec 31, 2019"
Cisco MCS 7835-I3,"Dec 31, 2014","Dec 31, 2019"
MCS 7825-I3 Unified Communications Manager Appliance,"Dec 31, 2014","Dec 31, 2019"
Cisco MCS 7835-I2,"Dec 31, 2014","Dec 31, 2019"
Cisco MCS 7835-I2 Unified Communications Manager Appliance,"Dec 31, 2014","Dec 31, 2019"
Cisco MCS 7828-I5 UC Manager Business Edition Appliance,"Dec 31, 2014","Dec 31, 2019"
Cisco MCS 7825-H4,"Dec 31, 2014","Dec 31, 2019"
Cisco MCS 7825-H4 Unified Communications Manager Appliance,"Dec 31, 2014","Dec 31, 2019"
Cisco MCS 7825-I4,"Dec 31, 2014","Dec 31, 2019"
Cisco MCS 7825-I4 Unified Communications Manager Appliance,"Dec 31, 2014","Dec 31, 2019"
Cisco MCS 7825-I3,"Dec 31, 2014","Dec 31, 2019"
Cisco MCS 7825-I3 Unified Communications Manager Appliance,"Dec 31, 2014","Dec 31, 2019"
UCS C220 M3,"Dec 31, 2014","Dec 31, 2019"
Cisco MCS 7845-I2 Unified Communications Manager Appliance,"Dec 31, 2014","Dec 31, 2019"
Cisco 7815I Media Convergence Server,"Dec 29, 2014","Dec 29, 2019"
Cisco 7825H Media Convergence Server,"Dec 29, 2014","Dec 29, 2019"
7815I Media Convergence Server,"Dec 29, 2014","Dec 29, 2019"
7825H Media Convergence Server,"Dec 29, 2014","Dec 29, 2019"
MCS 7835-I3,"Dec 15, 2014","Dec 15, 2019"
Cisco Catalyst 2960-24TC-S Switch,"Oct 31, 2014","Oct 31, 2019"
Cisco Catalyst 2950 8 LRE Switch,"Oct 31, 2014","Oct 31, 2019"
Catalyst 2960S,"Oct 31, 2014","Oct 31, 2019"
ASA 5500 AIP Security Service Module 10,"Oct 31, 2014","Oct 31, 2019"
Cisco Catalyst 2960-48PST-L Switch,"Oct 31, 2014","Oct 31, 2019"
Cisco Catalyst 2960-48PST-S Switch,"Oct 31, 2014","Oct 31, 2019"
Cisco Catalyst 2960-48TC-L Switch,"Oct 31, 2014","Oct 31, 2019"
Cisco Catalyst 2960-48TC-S Switch,"Oct 31, 2014","Oct 31, 2019"
Cisco Catalyst 2960-48TT-L Switch,"Oct 31, 2014","Oct 31, 2019"
Cisco Catalyst 2960-48TT-S Switch,"Oct 31, 2014","Oct 31, 2019"
Cisco Catalyst 2960-24LC-S Switch,"Oct 31, 2014","Oct 31, 2019"
Cisco Catalyst 2960-24LT-L Switch,"Oct 31, 2014","Oct 31, 2019"
Cisco Catalyst 2960-24PC-L Switch,"Oct 31, 2014","Oct 31, 2019"
Cisco Catalyst 2960-24PC-S Switch,"Oct 31, 2014","Oct 31, 2019"
Cisco Catalyst 2960-24TC-L Switch,"Oct 31, 2014","Oct 31, 2019"
Cisco Catalyst 2960-24-S Switch,"Oct 31, 2014","Oct 31, 2019"
Cisco Catalyst 2960-24TT-L Switch,"Oct 31, 2014","Oct 31, 2019"
Cisco Catalyst 2960,"Oct 31, 2014","Oct 31, 2019"
888E-CUBE Integrated Services Router,"Sept 09, 2014","Sept 09, 2019"
Nexus 7000 F1-Series 32-Port 10 Gigabit Ethernet Module,"Aug 31, 2014","Aug 31, 2019"
Nexus 7000 F1-Series 32-Port 1 Gigabit Ethernet Module,"Aug 31, 2014","Aug 31, 2019"
Nexus 7000 18-Slot Chassis 46Gbps/Slot Fabric Module,"Aug 31, 2014","Aug 31, 2019"
Nexus 7000 10-Slot Chassis 46Gbps/Slot Fabric Module,"Aug 31, 2014","Aug 31, 2019"
Nexus 7000 Series Supervisor 1 Module,"Aug 31, 2014","Aug 31, 2019"
Content Security Management Appliance M670,"July 31, 2014","July 31, 2019"
Content Security Management Appliance M1070,"July 31, 2014","July 31, 2019"
Aironet 1300 Series Accessories,"July 26, 2014","July 26, 2019"
887VA-CUBE Integrated Services Router,"July 15, 2014","July 15, 2019"
892F-CUBE Integrated Services Router,"July 08, 2014","July 08, 2019"
888-CUBE Integrated Services Router,"July 08, 2014","July 08, 2019"
Cisco 9509 Multilayer Director,"July 04, 2014","July 04, 2019"
Cisco 9000 4-Port 10Gb FC module,"July 04, 2014","July 04, 2019"
Catalyst 4500 FE (10/100) 48 port,"July 04, 2014","July 04, 2019"
Catalyst 4000,"July 04, 2014","July 04, 2019"
Rv042 Dual WAN VPN Router,"June 30, 2014","June 30, 2019"
Cisco Business Edition 6000 Version 9.0,"May 31, 2014","May 31, 2019"
Cisco Business Edition 6000 Version 9.1,"May 31, 2014","May 31, 2019"
GBIC 1000 Base,"Jan 31, 2014","Jan 31, 2019"
MDS 9124 Multilayer Fabric Switch,"Jan 31, 2014","Jan 31, 2019"
Cisco MCS 7890-C1 UC Manager Business Edition 3000 Appliance,"Jan 31, 2014","Jan 31, 2019"
MCS 7890-C1 UC Manager Business Edition 3000 Appliance,"Jan 31, 2014","Jan 31, 2019"
ACE Application Control Engine Module,"Jan 31, 2014","Jan 31, 2019"
Cisco ME 3400G-2CS-A Switch,"Jan 31, 2014","Jan 31, 2019"
Cisco ME 3400G-12CS-D Switch,"Jan 31, 2014","Jan 31, 2019"
Cisco ME 3400G-12CS-A Switch,"Jan 31, 2014","Jan 31, 2019"
Cisco ME 3400-24TS-D Switch,"Jan 31, 2014","Jan 31, 2019"
Cisco ME 3400-24TS-A Switch,"Jan 31, 2014","Jan 31, 2019"
Cisco Catalyst 3750E-48TD-E Switch,"Dec 31, 2013","Dec 31, 2018"
Cisco SD208P 8-port 10 100 Switch – PoE QoS,"Dec 06, 2013","Dec 06, 2018"
Catalyst 3020,"Nov 30, 2013","Nov 30, 2018"
7825-I5 Media Convergence Server,"Oct 31, 2013","Oct 31, 2018"
7816-I5 Media Convergence Server,"Oct 31, 2013","Oct 31, 2018"
Cisco 7816-I5 Media Convergence Server,"Oct 31, 2013","Oct 31, 2018"
Cisco 7825-I5 Media Convergence Server,"Oct 31, 2013","Oct 31, 2018"
ASA 5510 Adaptive Security Appliance,"Sept 30, 2013","Sept 30, 2018"
ASA 5520 Adaptive Security Appliance,"Sept 30, 2013","Sept 30, 2018"
ASA 5540 Adaptive Security Appliance,"Sept 30, 2013","Sept 30, 2018"
ASA 5550 Adaptive Security Appliance,"Sept 30, 2013","Sept 30, 2018"
UCS B250 M2,"Aug 07, 2013","Aug 07, 2018"
Cisco Catalyst 2955C 12 Switch,"July 31, 2013","July 31, 2018"
Cisco Catalyst 2960G-8TC-L Compact Switch,"July 31, 2013","July 31, 2018"
Cisco Catalyst 2960PD-8TT-L Compact Switch,"July 31, 2013","July 31, 2018"
Cisco Catalyst 2955S 12 Switch,"July 31, 2013","July 31, 2018"
Cisco Catalyst 2955T 12 Switch,"July 31, 2013","July 31, 2018"
Catalyst 6500 Series Network Analysis Module (NAM-1 NAM-2),"July 31, 2013","July 31, 2018"
Cisco Catalyst 2360-48TD-S,"July 31, 2013","July 31, 2018"
Cisco Catalyst 2960-8TC-L Compact Switch,"July 31, 2013","July 31, 2018"
Cisco Catalyst 3560-8PC Compact Switch,"July 31, 2013","July 31, 2018"
Cisco Catalyst 2960-8TC-S Compact Switch,"July 29, 2013","July 29, 2018"
Cisco Catalyst 3560-12PC-S Compact Switch,"June 07, 2013","June 07, 2018"
UCS 6140XP,"March 31, 2013","March 31, 2018"
UCS 2104XP,"March 31, 2013","March 31, 2018"
UCS 6120XP,"March 30, 2013","March 30, 2018"
WebEx Node for ASR 1000 Series,"March 22, 2013","March 22, 2018"
NAM 2220 Appliance,"March 15, 2013","March 15, 2018"
NAM 2204 Appliance,"March 15, 2013","March 15, 2018"
Cisco AS5350XM Universal Gateway,"Feb 28, 2013","Feb 28, 2018"
Nexus 3064PQ Switch,"Jan 31, 2013","Jan 31, 2018"
2801 Integrated Services Router,"Jan 31, 2013","Jan 31, 2018"
Cisco Catalyst 3750E-24PD-E Switch,"Jan 31, 2013","Jan 31, 2018"
Cisco Catalyst 3750E-48PD-EF Switch,"Jan 31, 2013","Jan 31, 2018"
Cisco Catalyst 3750E-48PD-S Switch,"Jan 31, 2013","Jan 31, 2018"
Cisco Catalyst 3750E-48PD-SF Switch,"Jan 31, 2013","Jan 31, 2018"
Cisco Catalyst 3750E-48TD-S Switch,"Jan 31, 2013","Jan 31, 2018"
Cisco Catalyst 3750E-24PD-S Switch,"Jan 31, 2013","Jan 31, 2018"
Cisco Catalyst 3750E-24TD-E Switch,"Jan 31, 2013","Jan 31, 2018"
Cisco Catalyst 3750E-24TD-S Switch,"Jan 31, 2013","Jan 31, 2018"
Cisco Catalyst 3750G-48PS Switch,"Jan 31, 2013","Jan 31, 2018"
Cisco Catalyst 3750G-48TS Switch,"Jan 31, 2013","Jan 31, 2018"
Cisco Catalyst 3560G-48PS Switch,"Jan 31, 2013","Jan 31, 2018"
Cisco Catalyst 3750G-24PS Switch,"Jan 31, 2013","Jan 31, 2018"
Cisco Catalyst 3560G-48TS Switch,"Jan 31, 2013","Jan 31, 2018"
Cisco Catalyst 3750G-24T Switch,"Jan 31, 2013","Jan 31, 2018"
Cisco Catalyst 3560G-24PS Switch,"Jan 31, 2013","Jan 31, 2018"
Cisco Catalyst 3750G-24TS Switch,"Jan 31, 2013","Jan 31, 2018"
Cisco Catalyst 3560G-24TS Switch,"Jan 31, 2013","Jan 31, 2018"
Cisco Catalyst 3750G-24TS-1U Switch,"Jan 31, 2013","Jan 31, 2018"
Cisco Catalyst 3750G-12S-SD Switch,"Jan 31, 2013","Jan 31, 2018"
Cisco Catalyst 3560E-48PD-E Switch,"Jan 31, 2013","Jan 31, 2018"
Cisco Catalyst 3560E-48PD-EF Switch,"Jan 31, 2013","Jan 31, 2018"
Cisco Catalyst 3560E-48PD-S Switch,"Jan 31, 2013","Jan 31, 2018"
Cisco Catalyst 3560E-48PD-SF Switch,"Jan 31, 2013","Jan 31, 2018"
Cisco Catalyst 3560E-48TD-E Swtch,"Jan 31, 2013","Jan 31, 2018"
Cisco Catalyst 3560E-48TD-S Switch,"Jan 31, 2013","Jan 31, 2018"
Cisco Catalyst 3560E-24PD-E Switch,"Jan 31, 2013","Jan 31, 2018"
Cisco Catalyst 3560E-24PD-S Switch,"Jan 31, 2013","Jan 31, 2018"
Cisco Catalyst 3560E-24TD-E Switch,"Jan 31, 2013","Jan 31, 2018"
Cisco Catalyst 3560E-24TD-S Switch,"Jan 31, 2013","Jan 31, 2018"
Cisco Catalyst 3560E-12D-E Switch,"Jan 31, 2013","Jan 31, 2018"
Cisco Catalyst 3560E-12D-S Switch,"Jan 31, 2013","Jan 31, 2018"
Cisco Catalyst 3560E-12SD-E Switch,"Jan 31, 2013","Jan 31, 2018"
Cisco Catalyst 3560E-12SD-S Switch,"Jan 31, 2013","Jan 31, 2018"
Cisco SFE2010 48-port 10 100 Ethernet Switch,"Dec 31, 2012","Dec 31, 2017"
Cisco SFE2010P 48-port 10 100 Ethernet Switch – PoE,"Dec 31, 2012","Dec 31, 2017"
Cisco SFE2000 24-port 10 100 Ethernet Switch,"Dec 31, 2012","Dec 31, 2017"
Cisco SFE2000P 24-port 10 100 Ethernet Switch – PoE,"Dec 31, 2012","Dec 31, 2017"
Cisco SGE2010 48-port Gigabit Switch,"Dec 31, 2012","Dec 31, 2017"
Cisco SGE2010P 48-port Gigabit Switch – PoE,"Dec 31, 2012","Dec 31, 2017"
Cisco SGE2000 24-port Gigabit Switch,"Dec 31, 2012","Dec 31, 2017"
Cisco SGE2000P 24-port Gigabit Switch – PoE,"Dec 31, 2012","Dec 31, 2017"
Nexus 1010 Virtual Services Appliance,"Dec 15, 2012","Dec 15, 2017"
UCS B200 M2,"Dec 02, 2012","Dec 02, 2017"
Cisco Nexus 2148T Fabric Extender,"Nov 30, 2012","Nov 30, 2017"
UCS C250 M2,"Nov 30, 2012","Nov 30, 2017"
MCS 7828-I4 Unified Communications Manager Business Edition,"Nov 30, 2012","Nov 30, 2017"
Cisco MCS 7828-H4 Unified Communications Manager Appliance,"Nov 30, 2012","Nov 30, 2017"
Cisco MCS 7828-I4 Unified Communications Manager Business Edition,"Nov 30, 2012","Nov 30, 2017"
Cisco Nexus 5020 Switch,"Nov 28, 2012","Nov 28, 2017"
Cisco Nexus 5010 Switch,"Nov 28, 2012","Nov 28, 2017"
UCS C200 M2,"Nov 03, 2012","Nov 03, 2017"
MCS 7828-H4 Unified Communications Manager Appliance,"Oct 30, 2012","Oct 30, 2017"
Catalyst 3750-24FS Switch,"Sept 30, 2012","Sept 30, 2017"
Catalyst 4500 Series Supervisor II-Plus-10GE,"Sept 30, 2012","Sept 30, 2017"
Cisco Catalyst 2960G-24TC-L Switch,"July 31, 2012","July 31, 2017"
ASA 5580 Adaptive Security Appliance,"July 31, 2012","July 31, 2017"
ASR 1002 Fixed Router,"July 31, 2012","July 31, 2017"
Cisco BTS 10200 IP Multimedia Subsystem 1.0,"July 31, 2012","July 31, 2017"
Cisco BTS 10200 Multimedia Application Server 1.0,"July 31, 2012","July 31, 2017"
Cisco BTS 10200 Softswitch Release 6.0,"July 31, 2012","July 31, 2017"
Cisco BTS 10200 Softswitch Release 6.0.3,"July 31, 2012","July 31, 2017"
Cisco BTS 10200 Softswitch Release 5.0,"July 31, 2012","July 31, 2017"
Content Security Management Appliance M160,"July 31, 2012","July 31, 2017"
Cisco Catalyst 2960G-48TC-L Switch,"July 31, 2012","July 31, 2017"
Cisco BTS 10200 Softswitch Release 7.0,"July 30, 2012","July 30, 2017"
Catalyst 6500 Series 7600 Series Wireless Services Module,"April 30, 2012","April 30, 2017"
Cisco ME 6524-GS Ethernet Switch,"April 01, 2012","April 01, 2017"
Cisco ME 6524-GT Ethernet Switch,"April 01, 2012","April 01, 2017"
Cisco ESW540 48-Port 10 100 1000 Switch,"March 31, 2012","March 31, 2017"
Cisco ESW540 24-Port 10 100 1000 PoE Switch,"March 31, 2012","March 31, 2017"
Cisco ESW540 24-Port 10 100 1000 Switch,"March 31, 2012","March 31, 2017"
Cisco ESW540 8-Port 10 100 1000 PoE Switch,"March 31, 2012","March 31, 2017"
Cisco ESW520 48-Port 10 100 PoE Switch,"March 31, 2012","March 31, 2017"
Cisco ESW520 48-Port 10 100 Switch,"March 31, 2012","March 31, 2017"
Cisco ESW520 24-Port 10 100 PoE Switch,"March 31, 2012","March 31, 2017"
Cisco ESW520 24-Port 10 100 Switch,"March 31, 2012","March 31, 2017"
Cisco ESW520 8-Port 10 100 PoE Switch,"March 31, 2012","March 31, 2017"
Cisco Business Edition 6000 Version 8.6,"March 31, 2012","March 31, 2017"
Cisco Business Edition 6000 Version 8.5,"March 31, 2012","March 31, 2017"
UCS B440 M1,"Jan 31, 2012","Jan 31, 2017"
UCS B230 M1,"Jan 31, 2012","Jan 31, 2017"
UCS C460 M1,"Jan 31, 2012","Jan 31, 2017"
1861 Integrated Services Router,"Jan 31, 2012","Jan 31, 2017"
Cisco Business Edition 3000 Version 8.6,"Jan 31, 2012","Jan 31, 2017"
UCS C210 M2,"Jan 03, 2012","Jan 03, 2017"
MCS 7816-I4,"Dec 31, 2011","Dec 31, 2016"
MCS 7816-I4 Unified Communications Manager Appliance,"Dec 31, 2011","Dec 31, 2016"
Cisco MCS 7816-I4 Unified Communications Manager Appliance,"Dec 31, 2011","Dec 31, 2016"
887 Integrated Services Router,"Dec 20, 2011","Dec 20, 2016"
886 Integrated Services Router,"Dec 20, 2011","Dec 20, 2016"
877 Integrated Services Router,"Dec 20, 2011","Dec 20, 2016"
876 Integrated Services Router,"Dec 20, 2011","Dec 20, 2016"
867 Integrated Services Router,"Dec 20, 2011","Dec 20, 2016"
857 Integrated Services Router,"Dec 20, 2011","Dec 20, 2016"
3845 Integrated Services Router,"Nov 01, 2011","Nov 01, 2016"
3845 NOVPN Integrated Services Router,"Nov 01, 2011","Nov 01, 2016"
3845 RAN-O Integrated Services Router,"Nov 01, 2011","Nov 01, 2016"
3825 IP RAN Integrated Services Router,"Nov 01, 2011","Nov 01, 2016"
3825 Integrated Services Router,"Nov 01, 2011","Nov 01, 2016"
3825 NOVPN Integrated Services Router,"Nov 01, 2011","Nov 01, 2016"
2851 Integrated Services Router,"Nov 01, 2011","Nov 01, 2016"
2821 Integrated Services Router,"Nov 01, 2011","Nov 01, 2016"
2800 Series Integrated Services Routers,"Nov 01, 2011","Nov 01, 2016"
1841 Integrated Services Router,"Oct 31, 2011","Oct 31, 2016"
Cisco Catalyst 2975 Series Switches,"Oct 31, 2011","Oct 31, 2016"
Catalyst 6500 Borderless Services Node,"Aug 15, 2011","Aug 15, 2016"
Cisco SLM2048 48-port Gigabit Smart Switch – SFPs,"Aug 11, 2011","Aug 11, 2016"
Cisco SLM248G 48-port 10 100 + 2-port Gigabit Smart Switch – SFPs,"Aug 11, 2011","Aug 11, 2016"
Cisco SLM248P 48-port 10 100 + 2-port Gigabit Smart Switch – SFPs PoE,"Aug 09, 2011","Aug 09, 2016"
Cisco SLM224G 24-port 10 100 + 2-port Gigabit Smart Switch – SFPs,"Aug 09, 2011","Aug 09, 2016"
Cisco SLM2008 8-port Gigabit Smart Switch – PD AC power,"Aug 08, 2011","Aug 08, 2016"
Cisco SLM224P 24-port 10 100 + 2-port Gigabit Smart Switch – SFPs PoE,"Aug 08, 2011","Aug 08, 2016"
Cisco Catalyst 2350-48TD-SD Switch,"July 31, 2011","July 31, 2016"
MDS 9500 Series Supervisor-2 Module,"July 31, 2011","July 31, 2016"
1805 Integrated Services Router,"June 30, 2011","June 30, 2016"
Cisco Catalyst 3750G-24WS Switch,"June 30, 2011","June 30, 2016"
3270 Rugged Integrated Services Router,"May 27, 2011","May 27, 2016"
3250 Rugged Integrated Services Router,"May 27, 2011","May 27, 2016"
3230 Rugged Integrated Services Router,"May 27, 2011","May 27, 2016"
3220 Rugged Integrated Services Router,"May 27, 2011","May 27, 2016"
Cisco SFE1000P 8-port 10 100 Ethernet Switch – PoE fanless,"May 20, 2011","May 20, 2016"
Cisco Catalyst 3750V2-24TS Switch,"May 19, 2011","May 19, 2016"
878 Integrated Services Router,"May 10, 2011","May 10, 2016"
Cisco SRW248G4P 48-port 10 100 + 4-port Gigabit Switch,"April 15, 2011","April 15, 2016"
Isilon Switch QLOGIC SILVERSTORM 144-PORT DDR IB,"March 31, 2011","March 31, 2016"
Cisco Business Edition 5000 Version 9.1,"March 31, 2011","March 31, 2016"
Cisco Business Edition 5000 Version 9.0,"March 30, 2011","March 30, 2016"
UCS B250 M1,"March 04, 2011","March 04, 2016"
UCS C250 M1,"March 04, 2011","March 04, 2016"
10-Port Gigabit Ethernet Shared Port Adapter,"March 01, 2011","March 01, 2016"
8-Port Gigabit Ethernet Shared Port Adapter,"March 01, 2011","March 01, 2016"
MCS 7825-H3,"March 01, 2011","March 01, 2016"
MCS 7825-H3 Unified Communications Manager Appliance,"March 01, 2011","March 01, 2016"
Cisco MCS 7825-H3,"March 01, 2011","March 01, 2016"
Cisco MCS 7825-H3 Unified Communications Manager Appliance,"March 01, 2011","March 01, 2016"
Cisco SRW2008P 8-port Gigabit Switch,"Feb 28, 2011","Feb 29, 2016"
MDS 9134 Multilayer Fabric Switch,"Feb 28, 2011","Feb 29, 2016"
UCS C210 M1,"Feb 05, 2011","Feb 05, 2016"
UCS C200 M1,"Feb 05, 2011","Feb 05, 2016"
Cisco SRW2048 48-port Gigabit Switch – WebView,"Feb 01, 2011","Feb 01, 2016"
Cisco SRW2024 24-port Gigabit Switch,"Feb 01, 2011","Feb 01, 2016"
Cisco SRW2024P 24-port Gigabit Switch,"Feb 01, 2011","Feb 01, 2016"
Cisco SRW2016 16-port Gigabit Switch,"Feb 01, 2011","Feb 01, 2016"
Cisco SRW2008 8-port Gigabit Switch,"Feb 01, 2011","Feb 01, 2016"
Cisco SRW2008MP 8-port Gigabit Switch,"Feb 01, 2011","Feb 01, 2016"
Cisco SRW248G4 48-port 10 100 + 4-port Gigabit Switch,"Feb 01, 2011","Feb 01, 2016"
Cisco SRW224G4 24-port 10 100 + 4-port Gigabit Switch,"Feb 01, 2011","Feb 01, 2016"
Cisco SRW224G4P 24-port 10 100 + 4-port Gigabit Switch,"Feb 01, 2011","Feb 01, 2016"
Cisco SRW208 8-port 10 100 Ethernet Switch,"Feb 01, 2011","Feb 01, 2016"
Cisco SRW208G 8-port 10 100 Ethernet Switch,"Feb 01, 2011","Feb 01, 2016"
Cisco SRW208MP 8-port 10 100 Ethernet Switch,"Feb 01, 2011","Feb 01, 2016"
Cisco SRW208P 8-port 10 100 Ethernet Switch,"Feb 01, 2011","Feb 01, 2016"
UCS B200 M1,"Jan 22, 2011","Jan 22, 2016"
871 Integrated Services Router,"Dec 16, 2010","Dec 16, 2015"
Cisco Business Edition 5000 Version 8.6,"Nov 02, 2010","Nov 02, 2015"
Cisco Business Edition 5000 Version 8.5,"Nov 02, 2010","Nov 02, 2015"
Cisco SR224 24-port 10 100 Switch – 13-inch chassis,"Oct 09, 2010","Oct 09, 2015"
Content Switching Module with SSL,"Aug 30, 2010","Aug 30, 2015"
Content Switching Module,"Aug 27, 2010","Aug 27, 2015"
RCisco S224G 24-port 10 100 2-port Gigabit Switch + 2 miniGBIC,"Aug 20, 2010","Aug 20, 2015"
Cisco SD216 16-port 10 100 Desktop Switch,"Aug 19, 2010","Aug 19, 2015"
Cisco SD208 8-port 10 100 Switch,"Aug 12, 2010","Aug 12, 2015"
Cisco SD205 5-port 10 100 Switch,"Aug 12, 2010","Aug 12, 2015"
Cisco SR2024C Compact 24-port 10 100 1000 Gigabit Switch,"Aug 12, 2010","Aug 12, 2015"
Cisco SR216 16-port 10 100 Rack Mountable Switch,"Aug 12, 2010","Aug 12, 2015"
Cisco SD2008 8-port 10 100 1000 Gigabit Switch,"Aug 10, 2010","Aug 10, 2015"
Cisco SR224R 24-port 10 100 Switch – 19-inch chassis,"Aug 06, 2010","Aug 06, 2015"
Catalyst 3750-48PS Switch,"July 31, 2010","July 31, 2015"
Catalyst 3750-48TS Switch,"July 31, 2010","July 31, 2015"
Cisco Catalyst 3560-48PS Switch,"July 31, 2010","July 31, 2015"
Cisco Catalyst 3560-48TS Switch,"July 31, 2010","July 31, 2015"
Cisco Catalyst 3560-24PS Switch,"July 31, 2010","July 31, 2015"
Cisco Catalyst 3750-24PS Switch,"July 31, 2010","July 31, 2015"
Cisco Catalyst 3560-24TS Switch,"July 31, 2010","July 31, 2015"
Cisco Catalyst 3750-24TS Switch,"July 31, 2010","July 31, 2015"
Cisco SR2024 24-port 10 100 1000 Gigabit Switch,"July 30, 2010","July 30, 2015"
Cisco SR2016 16-port 10 100 1000 Gigabit Switch,"July 29, 2010","July 29, 2015"
851 Integrated Services Router,"July 16, 2010","July 16, 2015"
Cisco SLM224G4PS 24-port 10 100 + 4-port Gigabit Smart Switch – PoE,"July 14, 2010","July 14, 2015"
Cisco SLM224G4S 24-port 10 100 + 4-port Gigabit Smart Switch – RCT,"July 14, 2010","July 14, 2015"
Cisco Unified Presence Version 8.5,"June 24, 2010","June 24, 2015"
Cisco Unified Presence Version 8.0,"May 16, 2010","May 16, 2015"
Cisco SLM2005 5-port Gigabit Smart Switch – PD AC power,"May 15, 2010","May 15, 2015"
Cisco SLM248G4S 48-port 10 100 + 4-port Gigabit Smart Switch – RCT,"May 08, 2010","May 08, 2015"
Cisco SLM248G4PS 48-port 10 100 + 4-port Gigabit Smart Switch – PoE,"April 30, 2010","April 30, 2015"
MDS 9000 32-Port Storage Services Module,"April 30, 2010","April 30, 2015"
Cisco Unified Presence Version 7.0,"March 03, 2010","March 03, 2015"
MDS 9000 48-port 4-Gbps Fibre Channel Switching module,"Feb 12, 2010","Feb 12, 2015"
MDS 9000 24-port 4-Gbps Fibre Channel Switching Module,"Feb 12, 2010","Feb 12, 2015"
MDS 9000 12-port 4-Gbps Fibre Channel Switching Module,"Feb 12, 2010","Feb 12, 2015"
Cisco Catalyst 2940-8TT Switch,"Jan 04, 2010","Jan 04, 2015"
MCS 7828-H3 Unified Communications Manager Appliance,"Jan 03, 2010","Jan 03, 2015"
MCS 7828-I3 Unified Communications Manager Appliance,"Jan 03, 2010","Jan 03, 2015"
Cisco MCS 7828-H3 Unified Communications Manager Appliance,"Jan 03, 2010","Jan 03, 2015"
Cisco MCS 7828-I3 Unified Communications Manager Appliance,"Jan 03, 2010","Jan 03, 2015"
Network Capacity Expansion,"Dec 31, 2009","Dec 31, 2014"
Cisco Catalyst Express 520-8PC Switch,"Dec 18, 2009","Dec 18, 2014"
Cisco Catalyst Express 520G-24TC Switch,"Dec 18, 2009","Dec 18, 2014"
Cisco Catalyst Express 500-24LC Switch,"Dec 18, 2009","Dec 18, 2014"
Cisco Catalyst Express 500G-12TC Switch,"Dec 18, 2009","Dec 18, 2014"
Cisco Catalyst Express 520-24LC Switch,"Dec 17, 2009","Dec 17, 2014"
Cisco Catalyst Express 520-24PC Switch,"Dec 17, 2009","Dec 17, 2014"
Cisco Catalyst Express 520-24TT Switch,"Dec 17, 2009","Dec 17, 2014"
Cisco Catalyst Express 500-24PC Switch,"Dec 17, 2009","Dec 17, 2014"
Cisco Catalyst Express 500-24TT Switch,"Dec 17, 2009","Dec 17, 2014"
Catalyst 6500 Series SSL Services Module,"Oct 30, 2009","Oct 30, 2014"
815 Integrated Services Router,"Sept 02, 2009","Sept 02, 2014"
MDS 9216 9216A Multilayer Fabric Switch,"Aug 23, 2009","Aug 23, 2014"
MDS 9216A Multilayer Fabric Switch,"Aug 23, 2009","Aug 23, 2014"
MCS 7816-H3,"July 31, 2009","July 31, 2014"
MCS 7816-H3 Unified Communications Manager Appliance,"July 31, 2009","July 31, 2014"
MCS 7816-I3,"July 31, 2009","July 31, 2014"
MCS 7816-I3 Unified Communications Manager Appliance,"July 31, 2009","July 31, 2014"
Cisco SFS 7024D InfiniBand Server Switch,"July 09, 2009","July 09, 2014"
Cisco SFS 7012D InfiniBand Server Switch,"July 09, 2009","July 09, 2014"
Cisco SFS 7000D InfiniBand Server Switch,"July 09, 2009","July 09, 2014"
MDS 9000 8-Port IP Storage Services Module,"July 07, 2009","July 07, 2014"
Cisco SRW224P 24-port 10 100 + 2-port Gigabit Switch,"May 15, 2009","May 15, 2014"
Cisco SRW208L 8-port 10 100 Ethernet Switch,"May 15, 2009","May 15, 2014"
Persistent Storage Device Module,"May 03, 2009","May 03, 2014"
SRW224 Managed Switch,"Dec 02, 2008","Dec 02, 2013"
Cisco SFS 7008P InfiniBand Server Switch,"Nov 25, 2008","Nov 25, 2013"
Cisco SFS 3504 Multifabric Server Switch,"Oct 23, 2008","Oct 23, 2013"
MDS 9216i Multilayer Fabric Switch,"Oct 10, 2008","Oct 10, 2013"
MDS 9140 40-Port Multilayer Fabric Switch,"Oct 10, 2008","Oct 10, 2013"
MDS 9000 14 2-Port Multiprotocol Services Module,"Oct 08, 2008","Oct 08, 2013"
Cisco SFS 7024P InfiniBand Server Switch,"Sept 30, 2008","Sept 30, 2013"
Cisco SFS 7012P InfiniBand Server Switch,"Sept 30, 2008","Sept 30, 2013"
Cisco SFS 7000P InfiniBand Server Switch,"Sept 30, 2008","Sept 30, 2013"
Cisco SFS 3012 Multifabric Server Switch,"Sept 19, 2008","Sept 19, 2013"
PIX 525 Security Appliance,"July 29, 2008","July 29, 2013"
PIX 515E Security Appliance,"July 29, 2008","July 29, 2013"
PIX 506E Security Appliance,"July 29, 2008","July 29, 2013"
PIX 501 Security Appliance,"July 29, 2008","July 29, 2013"
Catalyst Blade Switch 3030,"June 10, 2008","June 10, 2013"
Cisco SFS 3001 Multifabric Server Switch,"Jan 08, 2008","Jan 08, 2013"
Branch Routers Series Network Analysis Module,"Oct 15, 2007","Oct 15, 2012"
Cisco Catalyst 3750G-16TD Switch,"Oct 13, 2007","Oct 13, 2012"
Cisco Catalyst 3750G-12S Switch,"Oct 13, 2007","Oct 13, 2012"
MDS 9120 20-Port Multilayer Fabric Switch,"Sept 25, 2007","Sept 25, 2012"
MDS 9000 16-Port Fibre Channel Switching Module,"Sept 25, 2007","Sept 25, 2012"
MDS 9000 32-Port Fibre Channel Switching Module,"Sept 16, 2007","Sept 16, 2012"
Catalyst 6500 Series Wireless LAN Services Module,"April 06, 2007","April 06, 2012"
36-Port 10 100 EtherSwitch High Density Service Module,"March 27, 2007","March 27, 2012"
Catalyst 6500 Series Supervisor Engine 2 MSFC2,"March 01, 2007","March 01, 2012"
"ONS 15454 Timing, Communications, & Control – v 2 (TCC2) Card","Nov 15, 2006","Nov 15, 2011"
ONS 15454 SONET Fan Tray Assembly – Version 2,"Nov 01, 2006","Nov 01, 2011"
Catalyst 6509 Switch,"Nov 01, 2006","Nov 01, 2011"
Catalyst 6506 Switch,"Nov 01, 2006","Nov 01, 2011"
Catalyst 6503 Switch,"Nov 01, 2006","Nov 01, 2011"
Cisco Catalyst 2950 24 LRE Switch,"Oct 03, 2006","Oct 03, 2011"
Cisco Catalyst 2950 LRE 997 Switch,"Oct 03, 2006","Oct 03, 2011"
Catalyst 2950,"Oct 03, 2006","Oct 03, 2011"
90-Port DSP Farm Bundle Network Module,"Sept 25, 2006","Sept 25, 2011"
54-Port DSP Farm Bundle Network Module,"Sept 25, 2006","Sept 25, 2011"
Cisco SFS 7008 InfiniBand Server Switch,"Sept 01, 2006","Sept 01, 2011"
MDS 9000 Caching Services Module,"Sept 01, 2006","Sept 01, 2011"
10000 Performance Routing Engine 1,"Aug 17, 2006","Aug 17, 2011"
uBR10012 Performance Routing Engine 1,"Aug 16, 2006","Aug 16, 2011"
Cisco MGX 8250 Edge Concentrator,"Aug 01, 2006","Aug 01, 2011"
Cisco MGX 8230 Edge Concentrator,"Aug 01, 2006","Aug 01, 2011"
ONS 15454 SONET 6-Port DS-3 Transmultiplexer Card,"July 15, 2006","July 15, 2011"
MDS 9000 4-Port IP Storage Services Module,"June 14, 2006","June 14, 2011"
Cisco SFS 7000 InfiniBand Server Switch,"June 01, 2006","June 01, 2011"
7200 Series High-Performance Channel Port Adapter,"June 01, 2006","June 01, 2011"
7600 Catalyst 6500 IPSec VPN Services Module,"May 31, 2006","May 31, 2011"
MDS 9000 32-Port Fibre Channel Advanced Services Module,"May 15, 2006","May 15, 2011"
Catalyst 4000 Supervisor Engine II,"May 04, 2006","May 04, 2011"
Cisco LightStream 1010 ATM Switches,"April 30, 2006","April 30, 2011"
Catalyst 8540 MSR Switch,"April 30, 2006","April 30, 2011"
Catalyst 8510 MSR Switch,"April 30, 2006","April 30, 2011"
VPN Acceleration Module,"April 28, 2006","April 28, 2011"
VPN Acceleration Module 2,"April 28, 2006","April 28, 2011"
Catalyst Inline Power Patch Panel,"April 26, 2006","April 26, 2011"
2600 Series Content Engine Modules,"April 15, 2006","April 15, 2011"
3600 Series Content Engine Modules,"April 15, 2006","April 15, 2011"
3700 Series Content Engine Modules,"April 15, 2006","April 15, 2011"
ONS 15454 10 Gbps Multi-rate Transponder,"Feb 07, 2006","Feb 07, 2011"
ONS 15454 4x 2.5 Gbps Muxponder,"Feb 07, 2006","Feb 07, 2011"
MGX BPX IGX Back Cards,"Feb 01, 2006","Feb 01, 2011"
36-Port DSP Farm Bundle Network Module,"Jan 25, 2006","Jan 25, 2011"
ONS 15454 SONET 12-Port DS-3 Card,"Nov 15, 2005","Nov 15, 2010"
RPS1000 380W Redundant Power Supply Unit,"Oct 31, 2005","Oct 31, 2010"
3600 Series Alarm Interface Controller Network Module,"Oct 04, 2005","Oct 04, 2010"
7600 Supervisor Engine 2 with Multilayer Switch Feature Card,"Sept 30, 2005","Sept 30, 2010"
2600 Series Alarm Interface Controller Network Module,"Sept 04, 2005","Sept 04, 2010"
15454 OC-48 IR 1310nm HS Slot Optics Card,"Aug 02, 2005","Aug 02, 2010"
ONS 15454 SONET OC-48 LR 1550nm HS Slot Optics Card,"Aug 02, 2005","Aug 02, 2010"
Catalyst 4000 Supervisor Engine I,"July 27, 2005","July 27, 2010"
MC16E Universal Broadband Router Line Card,"July 05, 2005","July 05, 2010"
MC16S Universal Broadband Router Line Card,"July 05, 2005","July 05, 2010"
MC14C Universal Broadband Router Line Card,"July 05, 2005","July 05, 2010"
MDS 9000 Advanced Services Module,"May 15, 2005","May 15, 2010"
12000 Series 8-Port OC-3c STM-1c ATM Line Card,"April 30, 2005","April 30, 2010"
Catalyst 6500 Series Supervisor Engine 1A MSFC2,"March 25, 2005","March 25, 2010"
Catalyst 6500 Series Supervisor Engine 1A MSFC1,"March 25, 2005","March 25, 2010"
ONS 15454 OC-192 LR Optics Card,"Jan 27, 2005","Jan 27, 2010"
BPX 8600 Modules,"Jan 14, 2005","Jan 14, 2010"
IGX 8400 Modules,"Jan 14, 2005","Jan 14, 2010"
MGX 8850 Modules,"Jan 14, 2005","Jan 14, 2010"
MGX 8230 Modules,"Jan 14, 2005","Jan 14, 2010"
MGX 8250 Modules,"Jan 14, 2005","Jan 14, 2010"
MGX 8220 Modules,"Jan 14, 2005","Jan 14, 2010"
Cisco Catalyst 2940-8TF Switch,"Jan 05, 2005","Jan 05, 2010"
Catalyst 6509-NEB Switch,"Dec 31, 2004","Dec 31, 2009"
1-Port Fast Ethernet 1-Port Channelized T1 ISDN-PRI with CSU NM,"Dec 25, 2004","Dec 25, 2009"
1-Port Fast Ethernet 1-Port Channelized T1 ISDN-PRI NM,"Dec 24, 2004","Dec 24, 2009"
1-Pt Fast Ethernet 1-Port Channelized E1 ISDN-PRI Unbalanced NM,"Dec 23, 2004","Dec 23, 2009"
1-Port Fast Ethernet 1-Port Channelized E1 ISDN-PRI Balanced NM,"Dec 22, 2004","Dec 22, 2009"
1-Port Fast Ethernet 2-Port Channelized T1 ISDN-PRI with CSU NM,"Dec 21, 2004","Dec 21, 2009"
1-Port Fast Ethernet 2-Port Channelized T1 ISDN-PRI NM,"Dec 20, 2004","Dec 20, 2009"
1-Port Fast Ethernet 2-Pt Channelized E1 ISDN-PRI Unbalanced NM,"Dec 19, 2004","Dec 19, 2009"
1-Port Fast Ethernet 2-Port Channelized E1 ISDN-PRI Balanced NM,"Dec 18, 2004","Dec 18, 2009"
"ONS 15454 Timing, Communications, & Control – Plus (TCC+) Card","Oct 02, 2004","Oct 02, 2009"
1-Port T1 Fractional T1 DSU CSU WAN Interface Card,"Oct 01, 2004","Oct 01, 2009"
Catalyst 4500 Access Gateway Module,"Sept 02, 2004","Sept 02, 2009"
Catalyst 4000 4500 Supervisor Engine III,"July 27, 2004","July 27, 2009"
Cisco IAD2424 Integrated Access Device,"July 13, 2004","July 13, 2009"
Cisco IAD2423 Integrated Access Device,"July 13, 2004","July 13, 2009"
Cisco IAD2421-Integrated Access Device,"July 13, 2004","July 13, 2009"
Cisco IAD2420 Integrated Access Device,"July 13, 2004","July 13, 2009"
Cisco Catalyst 2924 LRE XL Switch,"April 27, 2004","April 27, 2009"
Cisco Catalyst 2912 LRE XL Switch,"April 27, 2004","April 27, 2009"
Integrated Service Adapters,"April 16, 2004","April 16, 2009"
ONS 15454 4-Port Gigabit Ethernet Card (G1000-4),"Dec 31, 2003","Dec 31, 2008"
7600 1-Port OC-48 STM-16 SONET SDH OSM SM-IR with 4 GE,"Dec 15, 2003","Dec 15, 2008"
Catalyst 4000 Integrated Layer 3 Services Engine,"Dec 09, 2003","Dec 09, 2008"
12000 Series 2-Port OC-12c STM-4c DPT Line Card,"Dec 01, 2003","Dec 01, 2008"
7204VXR Router,"Nov 30, 2003","Nov 30, 2008"
"ONS 15454 Timing, Communications, & Control – Intl (TCC-I) Card","Oct 01, 2003","Oct 01, 2008"
PIX 535 Security Appliance,"July 28, 2003","July 28, 2008"
Catalyst 5000 Supervisor Engine III,"June 30, 2003","June 30, 2008"
Catalyst 5000 Supervisor II G Engine,"June 30, 2003","June 30, 2008"
Catalyst 5000 Token Ring Switch Module,"June 30, 2003","June 30, 2008"
12000 Series 1-Port Gigabit Ethernet Line Card,"March 30, 2003","March 30, 2008"
Catalyst 3900 ATM Modules,"Feb 13, 2003","Feb 13, 2008"
Catalyst 3900 Token Ring Copper and Fiber Modules,"Feb 13, 2003","Feb 13, 2008"
Catalyst 3900 Token Ring ISL Modules,"Feb 13, 2003","Feb 13, 2008"
Catalyst 6500 Series Firewall Services Module,"Sept 26, 2002","Sept 26, 2007"
Cisco MGX 8220 Edge Concentrator,"Sept 03, 2002","Sept 03, 2007"
IGX 8400 Universal Router Module,"Aug 31, 2002","Aug 31, 2007"
Cisco FastHub 412 10 100 Repeater,"Aug 14, 2002","Aug 14, 2007"
12000 Series 10-Port Gigabit Ethernet Line Card,"Aug 02, 2002","Aug 02, 2007"
Cisco ATA 186 Analog Telephone Adaptor,"Aug 01, 2002","Aug 01, 2007"
Cisco FastHub 424M 10 100 Repeater,"July 28, 2002","July 28, 2007"
Cisco FastHub 412M 10 100 Repeater,"July 28, 2002","July 28, 2007"
Catalyst 6500 Series Network Analysis Module (First Generation),"June 27, 2002","June 27, 2007"
PIX 515 Firewall,"May 25, 2002","May 25, 2007"
PIX 506 Firewall,"May 25, 2002","May 25, 2007"
Cisco VCO 4K Open Programmable Switch,"March 02, 2002","March 02, 2007"
Catalyst 6000 Series Supervisor Module with MSFC,"March 01, 2002","March 01, 2007"
Cisco MGX 8240 Private Line Gateway,"Jan 16, 2002","Jan 16, 2007"
7206 Router,"Jan 02, 2002","Jan 02, 2007"
Cisco MGX 8260 Media Gateway,"Dec 29, 2001","Dec 29, 2006"
Cisco WS-C1400 Workgroup Concentrator,"Sept 01, 2001","Sept 01, 2006"
PIX 520 Firewall,"June 24, 2001","June 24, 2006"
HP 10BaseT Hub-16M,"Dec 30, 2000","Dec 30, 2005"
Compression Service Adapter for Cisco 7000 Series Routers,"Oct 29, 2000","Oct 29, 2005"
7204 Router,"May 01, 2000","May 01, 2005"
7200 Series 2-Port Channelized E1 PRI Port Adapter,"Jan 28, 2000","Jan 28, 2005"
7200 Series 2-Port Channelized T1 PRI Port Adapter,"Jan 28, 2000","Jan 28, 2005"
MGX 8800 Series Route Processor Module,"Dec 30, 1999","Dec 30, 2004"
12000 Series 1-Port OC-48c STM-16c POS SDH Line Card,"Oct 04, 1999","Oct 04, 2004"
7202 Router,"July 30, 1999","July 30, 2004"
Catalyst 6500 Series Intrusion Detection System (IDSM-1) Module,"April 20, 1998","April 20, 2003"
200 ISDN Adapter,"April 16, 1998","April 16, 2003"
Catalyst 6500 Series Intrusion Detection System (IDSM-2) Module,"Feb 18, 1998","Feb 18, 2003"
Cisco LightStream 2020 ATM Switches,"Jan 03, 1998","Jan 03, 2003"
Cisco LightStream 100 Series Switch,"Nov 01, 1996","Nov 01, 2001"
Cisco WS-C1100 CDDI FDDI Workgroup Concentrator,"Sept 23, 1995","Sept 23, 2000"
Catalyst 9300,Date Not Published,Date Not Published
